{
    "n_estimators": 437,
    "max_depth": 15,
    "learning_rate": 0.22227824312530747,
    "subsample": 0.7993292420985183,
    "colsample_bytree": 0.5780093202212182,
    "gamma": 0.7799726016810132,
    "reg_alpha": 0.2904180608409973,
    "reg_lambda": 4.330880728874676
}