{
    "n_estimators": 510,
    "max_depth": 13,
    "learning_rate": 0.06790539682592432,
    "subsample": 0.7571172192068059,
    "colsample_bytree": 0.7962072844310213,
    "gamma": 0.23225206359998862,
    "reg_alpha": 3.0377242595071916,
    "reg_lambda": 0.8526206184364576
}